Location,Rep,mws,ws_sd,mwd,wd_sd,sum_rain
Curyo,1,3.577163323782235,2.2302099610519024,203.1014189340974,170.29768843787056,0.8
Horsham dryland,1,3.123103448275862,2.1294667868103163,244.76688679310345,122.87589629010908,1.2000000000000002
Horsham dryland,2,3.617282608695652,2.597863394171806,223.73412886413044,131.3637570942657,4.2
Horsham irrigated,1,1.8875862068965517,0.9265629851862427,210.799472,74.54506307772883,0
Horsham irrigated,2,2.548780487804878,1.270504221012176,270.41394124390246,16.763422479434457,0
Horsham irrigated,3,6.6,2.17578217433994,333.9449154310345,8.744942833499895,0.4
