Location,Rep,mws,ws_sd,mwd,wd_sd,sum_rain
Curyo,1,3.577163323782235,2.2302099610519024,203.1014189340974,170.29768843787056,0.8
Horsham dryland,1,3.0853868194842407,1.9379332461690681,257.10792489971345,105.43636544198792,4.6000000000000005
Horsham dryland,2,3.9961272217025257,2.7133594733723636,241.48125285500467,127.61077731527884,18.6
Horsham irrigated,1,1.9028275862068964,0.9050266290191227,211.37557682068964,70.6823902102176,0
Horsham irrigated,2,2.233103448275862,1.2895000739096627,272.802,16.542526447605162,0
Horsham irrigated,3,6.531586206896551,2.1241261850013595,333.6526130344828,8.460093652409736,0.6000000000000001
