Location,Rep,mws,ws_sd,mwd,wd_sd,sum_rain
Curyo,1,3.1882234957020055,2.543331656592074,164.0146923094556,169.34995257595583,0.8
Horsham dryland,1,2.7046131805157594,2.138321444484135,237.79329804297996,127.97826452500077,4.6000000000000005
Horsham dryland,2,3.778493919550982,2.7101014180081817,256.12843456220764,119.34071224744545,18.6
Horsham irrigated,1,1.8288275862068966,0.9919141872104015,195.77252828275863,73.4278424450838,0
Horsham irrigated,2,1.7579310344827586,1.3768618185689334,216.67806053793103,97.72254627354978,1.4
Horsham irrigated,3,6.266206896551724,2.5068727943189595,335.55701519310344,7.686198530757522,1.6
